Name of Course,Type of Course,Long text,Number,Short text,Term,Hours per week in term,Expected no. of participants,Max. participants,Turnus,Additional Links,Language,Assignment,Credits,Responsible Instructors,application period
Einführungsveranstaltung Informatik (nicht für Studienanfänger Bachelor),Introductory course,,136367,,SoSe 2022,,,,very semester,"[""https://cs-uni-saarland-de.zoom.us/j/89570900194?pwd=a0hhdzdRVTNJTHcrOXFtb2tZd2h6Zz09""]",english,no enrollment,,"[""Dozent*innen/Informatik,""]",
Welcome Meeting for new Master Students Media Informatics,Introductory course,,137237,,SoSe 2022,,,,very semester,,english,no enrollment,,"[""Kr\u00fcger, Antonio , Univ.-Prof. Dr.""]",
Welcome Meeting for new Master Students Computer Science,Introductory course,,137323,,SoSe 2022,,,,very semester,,english,no enrollment,,"[""Demberg, Vera , Univ.-Professor Dr.""]",
StEP - Introductory event for new students in the computer science department organized by the students council (Master),Introductory course,,137364,,SoSe 2022,,,,very semester,"[""https://cs.fs.uni-saarland.de/step_en/""]",english,no enrollment,,"[""Fachschaft Informatikstudieng\u00e4nge,""]",
Welcome Week,Introductory course,,137372,,SoSe 2022,,,,very semester,"[""https://www.uni-saarland.de/en/global/welcome-center/welcome-week.html""]",english,no enrollment,,[],
Artificial Intelligence,Lecture / Exercise/problem-solving class,,136388,,SoSe 2022,,,,,"[""https://cms.sic.saarland/ai_22/""]",english,no enrollment,,"[""Hoffmann, J\u00f6rg, Univ.-Professor, Prof. Dr.""]",
Cryptography,Lecture / Exercise/problem-solving class,,136473,,SoSe 2022,,,,,"[""https://cms.cispa.saarland/crypto22""]",english,no enrollment,,"[""D\u00f6ttling, Nico , Dr."", ""Loss, Julian , Dr.""]",
Introduction to Computational Logic,Lecture / Exercise/problem-solving class,,136477,,SoSe 2022,,,,,"[""https://cms.sic.saarland/icl_22/""]",english,no enrollment,,"[""Smolka, Gert , Univ.-Prof. Dr. rer. nat.""]",
Optimization,Lecture / Exercise/problem-solving class,,136508,,SoSe 2022,,,,,"[""https://www.mpi-inf.mpg.de/departments/algorithms-complexity/teaching/summer22/optimization""]",english,no enrollment,,"[""Karrenbauer, Andreas , Dr.""]",
Embedded Systems,Lecture / Exercise/problem-solving class,,136509,,SoSe 2022,,,,,"[""https://cms.sic.saarland/es22/""]",english,no enrollment,,"[""Maggio, Martina, Univ.-Professorin, Dr.-Ing.""]",
Data Networks,Lecture / Exercise/problem-solving class,,136511,,SoSe 2022,,,,,"[""https://inet-teaching.mpi-inf.mpg.de/dn_22/""]",english,no enrollment,,"[""Feldmann, Anja , Prof. Ph.D.""]",
Machine Learning,Lecture / Exercise/problem-solving class,,136516,,SoSe 2022,,,,,"[""https://cms.cispa.saarland/ml22/""]",english,no enrollment,,"[""Fritz, Mario , Prof. Dr.""]",
Image Processing and Computer Vision,Lecture / Exercise/problem-solving class,,137554,,SoSe 2022,4,,,Every other semester,"[""https://www.mia.uni-saarland.de/weickert/index.shtml""]",english,no enrollment,9,"[""Weickert, Joachim, Univ.-Professor, Prof. Dr. rer. nat."", ""Mitarbeiter des Lehrstuhls,""]",
Text-to-Speech Synthesis,Lecture,,134460,,SoSe 2022,2,,,Every other semester,"[""https://www.coli.uni-saarland.de/courses/sprachsynthese/2022_SS/tts.html""]",english,no enrollment,3,"[""M\u00f6bius, Bernd , Univ.-Prof. Dr.""]",
Quantitative Model Checking,Advanced lecture,,136332,,SoSe 2022,,,,,"[""https://dcms.cs.uni-saarland.de/qmc22/""]",english,no enrollment,,"[""Hermanns, Holger , Univ.-Prof. Dr.-Ing."", ""Maggio, Martina, Univ.-Professorin, Dr.-Ing.""]",
Ethics for Nerds,Advanced lecture,,136353,,SoSe 2022,,,,,"[""https://dcms.cs.uni-saarland.de/ethics_22/""]",english,no enrollment,,"[""Baum, Kevin , M.A. M.Sc."", ""Hermanns, Holger , Univ.-Prof. Dr.-Ing."", ""Sterz, Sarah""]",
Automated Reasoning II,Advanced lecture,,136354,,SoSe 2022,,,,,"[""http://rg1-teaching.mpi-inf.mpg.de/autrea2-ss22/""]",english,no enrollment,,"[""Waldmann, Uwe , Dr.""]",
Interaktive Systeme,Lecture,,136357,,SoSe 2022,,,,Every other semester,"[""https://hci.cs.uni-saarland.de/lecture-interactive-systems-summer-term-2022/""]",english,no enrollment,6,"[""Schmitz, Martin , Dr.""]",
Algorithms for Cryptanalysis,Advanced lecture,,136434,,SoSe 2022,,,,,"[""https://cms.cispa.saarland/algocrypt_22/""]",english,no enrollment,,"[""Joux, Antoine , Prof. Dr.""]",
Machine Learning Privacy,Advanced lecture,,136462,,SoSe 2022,,,,,"[""https://cms.cispa.saarland/mlp2022/""]",english,no enrollment,,"[""Zhang, Yang , Dr.""]",
Formal analysis of real-world security protocols,Advanced lecture,,136463,,SoSe 2022,,,,,"[""https://cms.cispa.saarland/farwsp22/""]",english,no enrollment,,"[""Cremers, Cas , Dr.""]",
Secure Web Development,Advanced lecture,,136464,,SoSe 2022,,,,,"[""https://cms.cispa.saarland/swd_2022/""]",english,no enrollment,,"[""Pellegrino, Giancarlo , Dr."", ""Staicu, Cristian-Alexandru , Dr""]",
Foundations of Web Security,Advanced lecture,,136465,,SoSe 2022,,,,,"[""https://cms.cispa.saarland/fows22/""]",english,no enrollment,,"[""Stock, Benjamin , Dr.-Ing.""]",
Physical-Layer Security,Advanced lecture,,136466,,SoSe 2022,,,,,"[""https://cms.cispa.saarland/physec_22""]",english,no enrollment,,"[""Singh, Mridula"", ""Tippenhauer, Nils Ole , Dr.""]",
Digital Currencies and Smart Contracts,Block lecture course,,136467,,SoSe 2022,,,,,"[""https://cms.cispa.saarland/dcsc_22""]",english,no enrollment,,"[""W\u00fcst, Karl""]",
Distributed Graph Algorithms,Advanced lecture,,136468,,SoSe 2022,,,,,"[""https://cms.cispa.saarland/dga22/""]",english,no enrollment,,"[""Brandt, Sebastian , Dr.""]",
Optimization for Machine Learning,Advanced lecture,,136469,,SoSe 2022,,,,,"[""https://cms.cispa.saarland/optml22/""]",english,no enrollment,,"[""Stich, Sebastian , Dr""]",
Topics in Algorithmic Data Analysis,Advanced lecture,,136504,,SoSe 2022,,,,,"[""https://eda.mmci.uni-saarland.de/edu/tada22""]",english,no enrollment,,"[""Vreeken, Jilles , Prof. Dr.""]",
Audio/Visual Communication and Networks (Telecommunications 2),Lecture / Exercise/problem-solving class,,136517,,SoSe 2022,,,,,"[""https://cms.sic.saarland/avcn""]",english,no enrollment,,"[""Herfet, Thorsten , Univ.-Prof. Dr.-Ing.""]",
High Level Computer Vision,Advanced lecture,,136518,,SoSe 2022,,,,,"[""https://www.mpi-inf.mpg.de/departments/computer-vision-and-machine-learning/teaching/courses-1/ss-2022-high-level-computer-vision""]",english,no enrollment,,"[""Schiele, Bernt , Univ.-Prof. Dr.""]",
Realistic Image Synthesis,Advanced lecture,,136520,,SoSe 2022,,,,,"[""https://graphics.cg.uni-saarland.de/courses/""]",english,no enrollment,,"[""Slusallek, Philipp, Univ.-Professor, Prof. Dr.""]",
Recht der Cybersicherheit - Datenschutzrechtliche Aspekte,Advanced lecture,,136567,,SoSe 2022,,,,,"[""https://www.uni-saarland.de/lehrstuhl/sorge/lehre/sommer-2022/vorlesung-recht-der-cybersicherheit-datenschutzrechtliche-aspekte.html"", ""https://cms.cispa.saarland/system/courses""]",,no enrollment,,"[""Sorge, Christoph , Univ.-Prof. Dr. Ing.""]",
Data Science,Lecture / Exercise/problem-solving class,,136887,,SoSe 2022,,,,,"[""https://www.iss.uni-saarland.de/""]",,no enrollment,,"[""Maa\u00df, Wolfgang, Univ.-Professor, Dr.-Ing.""]",
IT-Forensics,Advanced lecture,,136937,,SoSe 2022,,,,,"[""https://cms.cispa.saarland/itf22/"", ""https://www.uni-saarland.de/lehrstuhl/sorge/lehre/sommer-2022/vorlesung-it-forensics.html""]",english,no enrollment,,"[""Sorge, Christoph , Univ.-Prof. Dr. Ing.""]",
Parameterized Verification,Advanced lecture,,136978,,SoSe 2022,,,,,"[""https://cms.cispa.saarland/pv22/""]",english,no enrollment,,"[""Jacobs, Swen , Dr.""]",
Algebraic Geometry (Algebraische Geometrie),Lecture / Exercise/problem-solving class,,136990,,SoSe 2022,4,,,,"[""https://www.math.uni-sb.de/ag/schreyer/""]",,no enrollment,9,"[""Schreyer, Frank-Olaf , Univ.-Prof. Dr. rer. nat."", ""Mitarbeiter des Lehrstuhls,""]",
Convex Analysis,Advanced lecture,,137175,,SoSe 2022,,,,,"[""https://www.mpi-inf.mpg.de/de/departments/computer-vision-and-machine-learning/teaching/courses-1/ss-2022-convex-analysis""]",english,no enrollment,,"[""Swoboda, Paul , Dr.""]",
Automated Knowledge Base Constrution,Advanced lecture,,137193,,SoSe 2022,,,,,"[""https://www.mpi-inf.mpg.de/departments/databases-and-information-systems/teaching/ss2022/akbc""]",english,no enrollment,,"[""Razniewski, Simon , Dr.""]",
Competitive Programming,Advanced lecture,,137217,,SoSe 2022,,,,,"[""https://cms.sic.saarland/cp22""]",english,no enrollment,,"[""Bl\u00e4ser, Markus , Univ.-Prof. Dr."", ""Bringmann, Karl, Univ.-Professor, Dr.-Ing."", ""Bromberger, Martin , Dr."", ""Weidenbach, Christoph , Univ.-Prof. Dr. rer. nat.""]",
How to Clock Your Computer,Advanced lecture,,137234,,SoSe 2022,,,,,"[""https://cms.cispa.saarland/hcyc22/""]",english,no enrollment,,"[""Lenzen, Christoph , Dr.""]",
Spezialvorlesung der Bioinformatik: Algorithms for Sequence Analysis,Special lecture,,137293,,SoSe 2022,,,,,"[""http://www.rahmannlab.de/lehre/alsa.html""]",german/english,no enrollment,9,"[""Rahmann, Sven , Dr.""]",
Causality for Complexity Theorists,Advanced lecture,,137482,,SoSe 2022,,,,,"[""https://cms.sic.saarland/causcompl22/""]",english,no enrollment,,"[""Bl\u00e4ser, Markus , Univ.-Prof. Dr.""]",
Image Compression,Lecture / Exercise/problem-solving class,,137555,IC,SoSe 2022,4,,,,"[""https://www.mia.uni-saarland.de/Teaching/ic22.shtml""]",english,no enrollment,9,"[""Peter, Pascal Tobias, Akad. Rat, Dr."", ""Mitarbeiter des Lehrstuhls,""]",
Mathematical Morphology in Image Analysis,Lecture / Exercise/problem-solving class,,137657,,SoSe 2022,2,,,,"[""https://www.mia.uni-saarland.de/Teaching/mmia22.shtml""]",english,no enrollment,6,"[""Schaefer, Kristina""]",
Model-driven Deep Learning Lab for Image Analysis,Lecture / Exercise/problem-solving class,,137658,,SoSe 2022,2,,,,"[""https://www.mia.uni-saarland.de/Teaching/mddl22.shtml""]",english,no enrollment,6,"[""Schrader, Karl""]",
Multimodal Dialogue Systems,Block seminar,,134453,,SoSe 2022,2,,,,"[""https://www.lsv.uni-saarland.de/multimodal-dialogue-systems-fall-2022/""]",english,no enrollment,"4 CP (R), 7 CP (R+H)","[""Petukhova, Volha , Dr.""]",
Quantum Machine Learning,seminar,,136315,,SoSe 2022,,,,,"[""https://seminars.cs.uni-saarland.de/seminars22"", ""https://www.dfki.de/~klusch/QML-ss22/""]",english,no enrollment,,"[""Klusch, Matthias , Priv.-Doz. Dr.""]",
Neural-Symbolic Computing,seminar,,136317,,SoSe 2022,,,12,,"[""https://cms.cispa.saarland/nsc_22/"", ""https://seminars.cs.uni-saarland.de/seminars22""]",english,no enrollment,,"[""Finkbeiner, Bernd, Univ.-Professor, Dr.""]",
"Arbeits- und Organisationspsychologie & Informatik - Interdisziplinäres Wissenschaftsseminar ""Psychological Theories for intelligent and interactive system“",seminar,,136384,AO.2,SoSe 2022,2,,16,,,english,enrollment,,"[""Feit, Anna Maria , Univ.-Prof. Dr."", ""Langer, Markus , Dr.""]","Einfaches Belegverfahren Psychologie
    		    		   07.02.2022 - 23.02.2022"
Neuro-Symbolic Reinforcement Learning,seminar,,136561,,SoSe 2022,,,,,"[""https://machineteaching.mpi-sws.org/course-neurosymbolicrl-s22.html"", ""https://seminars.cs.uni-saarland.de/seminars22""]",english,no enrollment,,"[""Singla, Adish , Dr.""]",
"Arbeits- und Organisationspsychologie & Informatik - Interdisziplinäres Praxisseminar ""How to build a social computer?“",seminar,,136632,AO.2,SoSe 2022,2,,9,,,,enrollment,,"[""Gebhard, Patrick , Dr.-Ing."", ""K\u00f6nig, Cornelius , Univ.-Prof. Dr. rer. nat"", ""Tsovaltzi, Dimitra , Priv.-Doz. Dr.""]","Einfaches Belegverfahren Psychologie
    		    		   07.02.2022 - 23.02.2022"
Deep Learning for Drug Discovery,seminar,,136939,,SoSe 2022,,,,,"[""https://mosi.uni-saarland.de/lectures/22_1_deep_learning_for_drug_discovery/"", ""https://seminars.cs.uni-saarland.de/seminars22""]",english,no enrollment,,"[""Wolf, Verena, Univ.-Professorin, Prof. Dr.""]",
Software Engineering Research in the Neuroage,seminar,,136972,,SoSe 2022,,,,,"[""https://cms.sic.saarland/se_seminar_ss_22/"", ""https://seminars.cs.uni-saarland.de/seminars22""]",english,no enrollment,,"[""Apel, Sven , Univ.-Prof. Dr.""]",
Seminar: Fourieranalysis,seminar,,137015,,SoSe 2022,2,,,,"[""https://rjasanow.num.uni-sb.de/education/lectures/ss22-fourier-analysis"", ""https://rjasanow.num.uni-sb.de/education/lectures/ss22-fourier-analysis""]",,no enrollment,LP je nach PO,"[""Buchheit, Andreas , M. Sc."", ""Seibel, Daniel""]",
Aspects of Quantitative Program Verification,Block seminar,,137126,,SoSe 2022,,,,,"[""https://quave.cs.uni-saarland.de/teaching/teaching-ss-2022/aspects-of-quantitative-program-verification/"", ""https://seminars.cs.uni-saarland.de/seminars22""]",english,no enrollment,,"[""Kaminski, Benjamin, Univ.-Professor, Univ.-Prof. Dr.""]",
Computer Vision and Machine Learning for Computer Graphics,seminar,,137127,,SoSe 2022,,,,,"[""https://vcai.mpi-inf.mpg.de/teaching/vcai_seminar_2022/index.html"", ""https://seminars.cs.uni-saarland.de/seminars22""]",english,no enrollment,,"[""Theobalt, Christian , Prof. Dr.""]",
Datenschutz und KI: rechtliche und technische Aspekte,seminar,,137160,,SoSe 2022,,,,,"[""https://www.uni-saarland.de/lehrstuhl/sorge/lehre/sommer-2022/seminar-datenschutz-und-ki-rechtliche-und-technische-aspekte.html"", ""https://seminars.cs.uni-saarland.de/seminars22""]",german,no enrollment,,"[""Sorge, Christoph , Univ.-Prof. Dr. Ing.""]",
"Coping with computational hardness: approximation, moderately exponential-time, and parameterized algorithms",seminar,,137162,,SoSe 2022,,,10,,"[""https://seminars.cs.uni-saarland.de/seminars22""]",english,no enrollment,,"[""Marx, D\u00e1niel , Ph.D""]",
Ethical AI – AI for Ethics,seminar,,137165,,SoSe 2022,,,,,"[""https://seminars.cs.uni-saarland.de/seminars22""]",english,no enrollment,,"[""M\u00fcller, Christian , Dr.""]",
Brain-Computer Interaction,seminar,,137177,,SoSe 2022,,,,,"[""https://umtl.cs.uni-saarland.de/teaching/summer-2022/seminar-brain-computer-interaction.html"", ""https://seminars.cs.uni-saarland.de/seminars22""]",english,no enrollment,,"[""Kr\u00fcger, Antonio , Univ.-Prof. Dr."", ""Rekrut, Maurice""]",
Crowdsourcing high quality annotations and experimental data,seminar,,137198,,SoSe 2022,,,12,,"[""https://www.uni-saarland.de/lehrstuhl/demberg/teaching/crowdsourcing.html"", ""https://seminars.cs.uni-saarland.de/seminars22""]",english,no enrollment,,"[""Scholman, Merel , Dr.""]",
Symbolic Execution (Multimodal Seminar),seminar,,137257,,SoSe 2022,,,,,"[""https://cms.cispa.saarland/symex_22/"", ""https://seminars.cs.uni-saarland.de/seminars22""]",english,no enrollment,,"[""Steinh\u00f6fel, Dominic , Dr.""]",
Data-driven Understanding of the Disinformation Epidemic (DUDE),seminar,,137258,,SoSe 2022,,,,,"[""https://cms.cispa.saarland/dude2022/"", ""https://seminars.cs.uni-saarland.de/seminars22""]",english,no enrollment,,"[""Zhang, Yang , Dr.""]",
Digital and Privacy-Preserving Signatures,seminar,,137259,,SoSe 2022,,,,,"[""https://seminars.cs.uni-saarland.de/seminars22""]",english,no enrollment,,"[""Hanzlik, Lucjan , Dr.""]",
Advanced Topics in Program Analysis,seminar,,137260,,SoSe 2022,,,,,"[""https://cms.cispa.saarland/adv_pa_22/"", ""https://seminars.cs.uni-saarland.de/seminars22""]",english,no enrollment,,"[""Dimitrova, Rayna , Dr""]",
Reading Group: String Algorithms,seminar,,137261,,SoSe 2022,,,,,"[""https://cms.sic.saarland/strings22/"", ""https://seminars.cs.uni-saarland.de/seminars22""]",english,no enrollment,,"[""Bringmann, Karl, Univ.-Professor, Dr.-Ing."", ""Fischer, Nick Robin""]",
Deep Learning for Visual Computing,seminar,,137262,,SoSe 2022,,,,,"[""https://www.mia.uni-saarland.de/Teaching/dlvc22.shtml"", ""https://seminars.cs.uni-saarland.de/seminars22""]",english,no enrollment,,"[""Peter, Pascal Tobias, Akad. Rat, Dr.""]",
Developing Cloud Software using SAP,seminar,,137264,,SoSe 2022,,,,,"[""https://umtl.cs.uni-saarland.de/teaching/summer-2022/seminar-developing-cloud-software-using-sap-technology.html"", ""https://seminars.cs.uni-saarland.de/seminars22""]",english,no enrollment,,"[""Kr\u00fcger, Antonio , Univ.-Prof. Dr."", ""Altmeyer, Maximilian"", ""Kerber, Frederic"", ""Kosmalla, Felix"", ""Lander, Christian""]",
Human-Centered Interface Design for Automated Cyber-Physical Systems,seminar,,137265,,SoSe 2022,,,,,"[""https://umtl.cs.uni-saarland.de/teaching/summer-2022/seminar-human-centered-interface-design-for-automated-cyber-physical-systems.html"", ""https://seminars.cs.uni-saarland.de/seminars22""]",english,no enrollment,,"[""Kr\u00fcger, Antonio , Univ.-Prof. Dr."", ""Hirsch, Anke"", ""Wiehr, Frederik""]",
Build an 8-bit Computer from Scratch,seminar,,137266,,SoSe 2022,,,,,"[""https://compilers.cs.uni-saarland.de/teaching/seminar/8bit/2022/"", ""https://seminars.cs.uni-saarland.de/seminars22""]",english,no enrollment,,"[""Hack, Sebastian , Univ.-Prof. Dr.""]",
Virtual Reality Game Development using a Rock Climbing Treadmill,seminar,,137267,,SoSe 2022,,,,,"[""https://umtl.cs.uni-saarland.de/teaching/summer-2022/seminar-virtual-reality-game-development-for-a-rock-climbing-treadmill.html"", ""https://seminars.cs.uni-saarland.de/seminars22""]",english,no enrollment,,"[""Kosmalla, Felix"", ""Altmeyer, Maximilian"", ""Daiber, Florian , Dr."", ""Degraen, Donald , M.Sc.""]",
How to build a Social Computer,seminar,,137268,,SoSe 2022,,,,,"[""https://affective.dfki.de/teaching-2/social-computing-seminar/"", ""https://seminars.cs.uni-saarland.de/seminars22""]",english,no enrollment,,"[""Gebhard, Patrick , Dr.-Ing."", ""K\u00f6nig, Cornelius , Univ.-Prof. Dr. rer. nat"", ""Tsovaltzi, Dimitra , Priv.-Doz. Dr.""]",
Seminar: Algorithms for Metagenomics,seminar,,137284,,SoSe 2022,,,,,"[""https://seminars.cs.uni-saarland.de/seminars22/""]",english,no enrollment,7,"[""Rahmann, Sven , Dr.""]",
Ethics in Security Research,seminar,,137288,,SoSe 2022,,,8,,"[""https://seminars.cs.uni-saarland.de/seminars22""]",english,no enrollment,,"[""Krombholz, Katharina , Dr.""]",
Algorithms for Realtime Raytracing,seminar,,137289,,SoSe 2022,,,6,,"[""https://graphics.cg.uni-saarland.de/courses/rtrt-2022/index.html"", ""https://seminars.cs.uni-saarland.de/seminars22""]",english,no enrollment,,"[""Rath, Alexander"", ""Yazici, \u00d6mercan""]",
Machine Learning for Social Signal Processing,seminar,,137291,,SoSe 2022,,,12,,"[""https://affective.dfki.de/teaching-2/machine-learning-for-social-signal-processing-ss2022/"", ""https://seminars.cs.uni-saarland.de/seminars22""]",english,no enrollment,,"[""Lindsay, Hali"", ""Nunnari, Fabrizio , Dr.""]",
Category Theory,seminar,,137356,,SoSe 2022,,,,,"[""https://seminars.cs.uni-saarland.de/seminars22""]",english,no enrollment,,"[""Dreyer, Derek , PhD""]",
Gründen Sie Ihr sprachtechnologisches Startup!,Software project,,134428,,SoSe 2022,3,,,,"[""https://coli-saar.github.io/gruenden22/""]",english,no enrollment,"12 CP (BSc), 8 CP (MSc)","[""Koller, Alexander , Univ.-Professor Dr.""]",
Hands-On Networking,Block practical course,,135230,,SoSe 2022,,,,,"[""https://cms.sic.saarland/hon/"", ""https://lms.sulb.uni-saarland.de/moodle/course/index.php?categoryid=2806""]",english,no enrollment,,"[""Herfet, Thorsten , Univ.-Prof. Dr.-Ing.""]",
Informationsverarbeitende Automaten und Musikinstrumente von Antike bis früher Neuzeit,seminar,,135676,,SoSe 2022,2,,,,"[""https://alpha.lusi.uni-sb.de/chhof""]",,no enrollment,,"[""Hoffmann, Christian , Dr. rer. nat.""]",
You can do IT. Start your idea! Entrepreneurship in IT and Maths,Lecture,,137218,,SoSe 2022,,,,,"[""https://gruendercampus-saar.de/you-can-do-it-entrepreneurship-in-it-and-maths-veranstaltungsreihe-2/""]",english,no enrollment,,[],
